<config>
    <array name="update">
		<array name="rmu">
			<key name="file">rmu</key>
			<key name="sign">7aa0f490ab3a45d88656697dbe05b922</key>
		</array>
		<array name="mcu2">
        	<key name="file">mcu2.bin</key>
        	<key name="sign">4e4376148e19972de4ee2205631333c5</key>
        </array>
		<array name="tdr">
        	<key name="file">HiRain-release.tar.gz</key>
        	<key name="sign">f8731e0d1da8660a7938925f4d73f207</key>
        </array>
		<array name="delta">
        	<key name="file">installer_linux</key>
        	<key name="sign">4db19f0d95809ee0d3968fed5cd3d092</key>
        </array>
		<array name="u-boot">
        	<key name="file">u-boot.imx</key>
        	<key name="sign">a9f27cb38cebdf58fb474e112b866fbc</key>
        </array>
		<array name="uImage">
        	<key name="file">uImage</key>
        	<key name="sign">a81d326099030c872378afc9f2e7e679</key>
        </array>
		<array name="initramfs">
        	<key name="file">initramfs.cpio.gz.rd</key>
        	<key name="sign">c909ad56959fd70ef2261af9b5b62364</key>
        </array>
		<array name="dtb">
        	<key name="file">imx6dl-bluez.dtb</key>
        	<key name="sign">ece9881f8e3dc24415ec6861e4a15adc</key>
        </array>
    </array>
</config>
