<?xml version="1.0" encoding="UTF-8"?>
<config>
	<key name="long_idle_duration">60</key> <!-- in 5 second -->
	<array name="vehicle_run_stop_status">
		<key name="speed_thr">10</key>   <!--in 0.1 km/h -->
		<key name="engine_speed_thr">5</key>   <!--in 100 rpm -->
		<key name="duration">10</key>  <!-- in second -->
		<key name="engine_start_speed_thr">10</key>  <!-- in 50 rpm -->
	</array>
	<array name="RapidAccel">
		<key name="accel_h">4</key>    <!-- in 0.5 m/ss -->
		<key name="accel_l">1</key>
		<key name="speed_h">20</key>   <!--in km/h -->
		<key name="speed_l">5</key>    <!--in km/h -->
	</array>
	<array name="RapidDecel">
		<key name="accel_h">8</key>    <!-- in 0.5 m/ss -->
		<key name="accel_l">4</key>
		<key name="speed_h">20</key>   <!--in km/h -->
		<key name="speed_l">5</key>    <!--in km/h -->
	</array>
	<array name="NeutralGlide">
		<key name="clutch_duration">5</key>  <!-- in second -->
		<key name="neutral_duration">3</key>   <!-- in second -->
	</array>
	<array name="OverSpeed">
		<key name="over_speed_thr">100</key>      <!-- in km/h -->
		<key name="over_speed_duration">60</key>   <!-- in 5 second -->
	</array>
	<array name="EngineSuperSpeed">
		<key name="engine_speed_thr">21</key>  <!-- in 100 rpm -->
		<key name="super_duration">5</key>   <!-- in second -->
	</array>
	<array name="FatigueDriving">
		<key name="day_continue_drive_time">240</key>   <!-- in min -->
		<key name="day_least_relax_time">20</key>   <!-- in min -->
		<key name="day_start_time_h">6</key>
		<key name="day_start_time_m">0</key>
		<key name="day_start_time_s">0</key>
		<key name="night_continue_drive_time">240</key>   <!-- in min -->
		<key name="night_least_relax_time">20</key>   <!-- in min -->
		<key name="night_start_time_h">18</key>
		<key name="night_start_time_m">0</key>
		<key name="night_start_time_s">0</key>
	</array>
	<array name="EngineCoolantTemp">
		<key name="coolant_thr">250</key>
	</array>
	<array name="EngineOilPressure">
		<key name="oil_pressure_h">250</key>
		<key name="oil_pressure_l">0</key>
	</array>
	<array name="TireTemp">
		<key name="tire_temp_thr">64255</key>
	</array>
	<array name="TirePressure">
		<key name="tire_pressure_h">64255</key>
		<key name="tire_pressure_l">0</key>
	</array>
	<array name="statistics">
		<key name="up_period">30</key>      <!-- in second -->
		<array name="fuelrate_statistic">
			<key name="segment_number">10</key>
			<key name="segment_thr">10</key>  <!-- pedal position -->
		</array>
		<array name="speed_enginespeed_statistic">
			<key name="speed_segment_number">14</key>
			<key name="speed_segment_thr">2</key><!-- 5 KM/H -->
			<array name="enginespeed">
				<key name="enginespeed_segment_thr1">5</key><!-- 100R/MIN -->
				<key name="enginespeed_segment_thr2">8</key><!-- 100R/MIN -->
				<key name="enginespeed_segment_thr3">10</key><!-- 100R/MIN -->
				<key name="enginespeed_segment_thr4">12</key><!-- 100R/MIN -->
				<key name="enginespeed_segment_thr5">14</key><!-- 100R/MIN -->
				<key name="enginespeed_segment_thr6">15</key><!-- 100R/MIN -->
				<key name="enginespeed_segment_thr7">17</key><!-- 100R/MIN -->
				<key name="enginespeed_segment_thr8">19</key><!-- 100R/MIN -->
				<key name="enginespeed_segment_thr9">21</key><!-- 100R/MIN -->
				<key name="enginespeed_segment_thr10">23</key><!-- 100R/MIN -->
				<key name="enginespeed_segment_thr11">30</key><!-- 100R/MIN -->
			</array>
		</array>
	</array>
	<array name="Monitor">
		<array name="position">
			<key name="up_period">30</key>      <!-- in second -->
			<key name="up_rule">0</key>      <!-- 0 by time, 1 by position, 2 by time and by position -->
		</array>
	</array>
</config>
