<config>
	<key name="ApplicationLayerProtocol">14229</key>
	<!-- or 14230 -->
	<array name="EMS">
		<key name="Requst_ID">0x18DA00F1</key>
		<key name="Response_ID">0x18DAF100</key>
	</array>
	<array name="actions">
		<array name="action_ReadDTC">
			<key name="ref-ECU">EMS</key>
			<key name="TimeOut">5000</key>
			<key name="requst-param">0x190209</key>
		</array>	
		<array name="action_ClearDTC">
			<key name="ref-ECU">EMS</key>
			<key name="TimeOut">5000</key>
			<key name="requst-param">0x14FFFFFF</key>
		</array>	
	</array>
</config>
