<?xml version="1.0" ?>
<uds>
	<services>
		<service id="10">
			<name>DiagnosticSessionControl</name>
			<session>all</session>
			<address>all</address>
			<security>all</security>
			<minlen>2</minlen>
			<maxlen>2</maxlen>
			<resplen>4</resplen>
			<callback>app_service_callback_10</callback>
			<postcall>app_service_callback_post_10</postcall>
			<subservices>
				<service id="1">
					<name>DefaultSession</name>
					<session>all</session>
					<address>all</address>
					<resplen>4</resplen>
					<callback>app_service_callback_1001</callback>
				</service>				
				<service id="2">
					<name>ProgrammingSession</name>
					<address>PhysicalAddress</address>
					<session>ProgrammingSession|ExtendedSession</session>
					<security>all</security>
					<resplen>4</resplen>
					<callback>app_service_callback_1002</callback>
				</service>
				<service id="3">
					<name>ExtendedSession</name>
					<address>all</address>
					<security>all</security>
					<session>ExtendedSession|DefaultSession</session>
					<resplen>4</resplen>
					<callback>app_service_callback_1003</callback>
					<postcall>app_service_postcall_1003</postcall>
				</service>
			</subservices>
		</service>
		<service id="11">
			<name>ECUReset</name>
			<address>all</address>
			<session>ProgrammingSession|ExtendedSession</session>
			<security>all</security>
			<minlen>2</minlen>
			<maxlen>2</maxlen>
			<resplen>0</resplen>
			<subservices>
				<service id="1">
					<name>HardReset</name>
					<session>ProgrammingSession|ExtendedSession</session>
					<callback>app_service_callback_1101</callback>
					<postcall>app_service_postcall_1101</postcall>
				</service>
			</subservices>
		</service>
		<service id="14">
			<name>ClearDTCInformation</name>
			<address>all</address>
			<session>ExtendedSession|DefaultSession</session>
			<security>all</security>
			<minlen>4</minlen>
			<maxlen>4</maxlen>
			<resplen>0</resplen>	
			<callback>app_service_callback_14</callback>
			<postcall>app_service_callback_post_14</postcall>
		</service>
		<service id="19">
			<name>ReadDTCInformation</name>
			<address>PhysicalAddress</address>
			<session>ExtendedSession|DefaultSession</session>
			<security>all</security>
			<minlen>2</minlen>
			<maxlen>3</maxlen>
			<resplen>200</resplen>
			<subservices>
				<service id="1">
					<name>ReportNumberOfDTCByMask</name>
					<minlen>3</minlen>
					<resplen>4</resplen>
					<callback>app_service_1901</callback>
					<resplen>100</resplen>
					<!--<postcall>app_service_postcall_1901</postcall>-->
				</service>
				<service id="2">
					<name>ReportDTCByMask</name>
					<minlen>3</minlen>
					<resplen>61</resplen>
					<callback>app_service_1902</callback>
					<resplen>200</resplen>
					<!--<postcall>app_service_postcall_1902</postcall>-->
				</service>
				<service id="A">
					<name>ReportSupportedDTC</name>
					<maxlen>2</maxlen>
					<resplen>200</resplen>
					<callback>app_service_190A</callback>
				</service>
			</subservices>
		</service>
		<service id="22">
			<name>ReadDataByIdentifier</name>
			<address>PhysicalAddress</address>
			<session>all</session>
			<security>all</security>
			<minlen>3</minlen>
			<maxlen>3</maxlen>
			<resplen>3003</resplen>
			<datalist type="read">
				<dataid id="F182">
					<resplen>19</resplen>
					<callback>app_service_callback_22_F182</callback>
				</dataid>
				<dataid id="F187">
					<resplen>19</resplen>
					<callback>app_service_callback_22_F187</callback>
				</dataid>
				<dataid id="F18C">
					<resplen>19</resplen>
					<callback>app_service_callback_22_F18C</callback>
				</dataid>
				<dataid id="F190">
					<resplen>20</resplen>
					<callback>app_service_callback_22_F190</callback>
				</dataid>	
				<dataid id="F192">
					<resplen>7</resplen>
					<callback>app_service_callback_22_F192</callback>
				</dataid>
				<dataid id="F193">
					<resplen>12</resplen>
					<callback>app_service_callback_22_F193</callback>
				</dataid>
				<dataid id="F194">
					<resplen>7</resplen>
					<callback>app_service_callback_22_F194</callback>
				</dataid>
				<dataid id="F195">
					<resplen>8</resplen>
					<callback>app_service_callback_22_F195</callback>
				</dataid>
				<dataid id="F198">
					<resplen>13</resplen>
					<callback>app_service_callback_22_F198</callback>
				</dataid>				
				<dataid id="F199">
					<resplen>7</resplen>
					<callback>app_service_callback_22_F199</callback>
				</dataid>			
				<dataid id="F19D">
					<resplen>7</resplen>
					<callback>app_service_callback_22_F19D</callback>
				</dataid>	
				<dataid id="F1A0">
					<resplen>19</resplen>
					<callback>app_service_callback_22_F1A0</callback>
				</dataid>			
				<dataid id="F1A1">
					<resplen>19</resplen>
					<callback>app_service_callback_22_F1A1</callback>
				</dataid>					
				<dataid id="0100">
					<resplen>19</resplen>
					<callback>app_service_callback_22_0100</callback>
				</dataid>			
				<dataid id="1001">
					<resplen>10</resplen>
					<callback>app_service_callback_22_1001</callback>
				</dataid>				
				<dataid id="1002">
					<resplen>35</resplen>
					<callback>app_service_callback_22_1002</callback>
				</dataid>				
				<dataid id="1003">
					<resplen>35</resplen>
					<callback>app_service_callback_22_1003</callback>
				</dataid>				
				<dataid id="1004">
					<resplen>18</resplen>
					<callback>app_service_callback_22_1004</callback>
				</dataid>				
				<dataid id="1005">
					<resplen>10</resplen>
					<callback>app_service_callback_22_1005</callback>
				</dataid>				
				<dataid id="1006">
					<resplen>10</resplen>
					<callback>app_service_callback_22_1006</callback>
				</dataid>				
				<dataid id="1007">
					<resplen>10</resplen>
					<callback>app_service_callback_22_1007</callback>
				</dataid>				
				<dataid id="1008">
					<resplen>10</resplen>
					<callback>app_service_callback_22_1007</callback>
				</dataid>
				<dataid id="1009">
					<resplen>10</resplen>
					<callback>app_service_callback_22_1007</callback>
				</dataid>				
				<dataid id="1010">
					<resplen>10</resplen>
					<callback>app_service_callback_22_1007</callback>
				</dataid>				
				<dataid id="1011">
					<resplen>10</resplen>
					<callback>app_service_callback_22_1007</callback>
				</dataid>
				<dataid id="1012">
					<resplen>10</resplen>
					<callback>app_service_callback_22_1007</callback>
				</dataid>				
				<dataid id="1013">
					<resplen>10</resplen>
					<callback>app_service_callback_22_1007</callback>
				</dataid>				
				<dataid id="1014">
					<resplen>10</resplen>
					<callback>app_service_callback_22_1007</callback>
				</dataid>
				<dataid id="1015">
					<resplen>10</resplen>
					<callback>app_service_callback_22_1007</callback>
				</dataid>
				<dataid id="1016">
					<resplen>35</resplen>
					<callback>app_service_callback_22_1007</callback>
				</dataid>
				<dataid id="1017">
					<resplen>35</resplen>
					<callback>app_service_callback_22_1007</callback>
				</dataid>
				<dataid id="1018">
					<resplen>35</resplen>
					<callback>app_service_callback_22_1007</callback>
				</dataid>
				<dataid id="1019">
					<resplen>35</resplen>
					<callback>app_service_callback_22_1007</callback>
				</dataid>
				<dataid id="1020">
					<resplen>3003</resplen>
					<callback>app_service_callback_22_1007</callback>
				</dataid>
				<dataid id="1021">
					<resplen>2003</resplen>
					<callback>app_service_callback_22_1007</callback>
				</dataid>
				<dataid id="1022">
					<resplen>19</resplen>
					<callback>app_service_callback_22_1007</callback>
				</dataid>
				<dataid id="1023">
					<resplen>19</resplen>
					<callback>app_service_callback_22_1007</callback>
				</dataid>
				<dataid id="1024">
					<resplen>2003</resplen>
					<callback>app_service_callback_22_1007</callback>
				</dataid>
				<dataid id="1025">
					<resplen>2003</resplen>
					<callback>app_service_callback_22_1007</callback>
				</dataid>
				<dataid id="1026">
					<resplen>19</resplen>
					<callback>app_service_callback_22_1007</callback>
				</dataid>
				<dataid id="1027">
					<resplen>19</resplen>
					<callback>app_service_callback_22_1007</callback>
				</dataid>
				<dataid id="1028">
					<resplen>35</resplen>
					<callback>app_service_callback_22_1002</callback>
				</dataid>
			</datalist>
		</service>
		<service id="27">
			<name>SecurityAccess</name>
			<address>PhysicalAddress</address>
			<session>ExtendedSession|ProgrammingSession</session>
			<security>all</security>
			<minlen>2</minlen>
			<maxlen>6</maxlen>
			<resplen>4</resplen>
			<subservices>
				<service id="1">
					<name>RequestSeed_Level1</name>
					<resplen>4</resplen>
					<maxlen>2</maxlen>
				</service>
				<service id="2">
					<name>SendKey_Level1</name>
					<minlen>6</minlen>
					<resplen>4</resplen>
					<callback>app_service_callback_2702</callback>
				</service>
			</subservices>
		</service>
		<service id="28">
			<name>CommunicationControl</name>
			<address>all</address>
			<session>ExtendedSession</session>
			<security>all</security>
			<minlen>3</minlen>
			<maxlen>3</maxlen>
			<resplen>0</resplen>
			<subservices>
				<service id="0">
					<session>ExtendedSession</session>
					<name>EnableRxAndTx</name>
					<callback>app_service_callback_2800</callback>
				</service>
				<service id="3">
					<session>ExtendedSession</session>
					<name>DisableRxAndTx</name>
					<callback>app_service_callback_2803</callback>
				</service>
			</subservices>
		</service>
		<service id="2A">
			<name>ReadDataByPeriodicIdentifier</name>
			<address>PhysicalAddress</address>
			<session>ExtendedSession</session>
			<security>all</security>
			<minlen>2</minlen>
			<maxlen>3</maxlen>
			<resplen>5</resplen>
			<datalist type="read">
				<dataid id="F200">
					<minlen>3</minlen>
					<resplen>1</resplen>
					<callback>app_service_callback_2A_F200</callback>
				</dataid>
				<dataid id="F201">
					<minlen>3</minlen>
					<resplen>1</resplen>
					<callback>app_service_callback_2A_F202</callback>
				</dataid>
				<dataid id="F203">
					<minlen>3</minlen>
					<resplen>3</resplen>
					<callback>app_service_callback_2A_F203</callback>
				</dataid>
				<dataid id="F204">
					<minlen>3</minlen>
					<resplen>4</resplen>
					<callback>app_service_callback_2A_F204</callback>
				</dataid>
				<dataid id="F205">
					<minlen>3</minlen>
					<resplen>5</resplen>
					<callback>app_service_callback_2A_F205</callback>
				</dataid>
			</datalist>
		</service>
		<service id="2E">
			<name>WriteDataByIdentifier</name>
			<address>PhysicalAddress</address>
			<session>ExtendedSession|ProgrammingSession</session>
			<security>SecurityAccess_Level1</security>
			<minlen>4</minlen>
			<maxlen>3003</maxlen>
			<resplen>3</resplen>
			<datalist type="write">
				<dataid id="F182">
					<resplen>19</resplen>
					<minlen>19</minlen>
					<maxlen>19</maxlen>
					<callback>app_service_callback_2E_F182</callback>
				</dataid>
				<dataid id="F187">
					<resplen>19</resplen>
					<minlen>19</minlen>
					<maxlen>19</maxlen>
					<callback>app_service_callback_2E_F187</callback>
				</dataid>
				<dataid id="F18C">
					<resplen>19</resplen>
					<minlen>19</minlen>
					<maxlen>19</maxlen>
					<callback>app_service_callback_2E_F18C</callback>
				</dataid>
				<dataid id="F190">
					<resplen>20</resplen>
					<minlen>20</minlen>
					<maxlen>20</maxlen>
					<callback>app_service_callback_2E_F190</callback>
				</dataid>	
				<dataid id="F192">
					<resplen>7</resplen>
					<minlen>7</minlen>
					<maxlen>7</maxlen>
					<callback>app_service_callback_2E_F192</callback>
				</dataid>
				<dataid id="F193">
					<resplen>12</resplen>
					<minlen>12</minlen>
					<maxlen>12</maxlen>
					<callback>app_service_callback_2E_F193</callback>
				</dataid>
				<dataid id="F194">
					<resplen>7</resplen>
					<minlen>7</minlen>
					<maxlen>7</maxlen>
					<callback>app_service_callback_2E_F194</callback>
				</dataid>
				<dataid id="F195">
					<resplen>8</resplen>
					<minlen>8</minlen>
					<maxlen>8</maxlen>
					<callback>app_service_callback_2E_F195</callback>
				</dataid>
				<dataid id="F198">
					<resplen>13</resplen>
					<minlen>13</minlen>
					<maxlen>13</maxlen>
					<callback>app_service_callback_2E_F198</callback>
				</dataid>				
				<dataid id="F199">
					<resplen>7</resplen>
					<minlen>7</minlen>
					<maxlen>7</maxlen>
					<callback>app_service_callback_2E_F199</callback>
				</dataid>			
				<dataid id="F19D">
					<resplen>7</resplen>
					<minlen>7</minlen>
					<maxlen>7</maxlen>
					<callback>app_service_callback_2E_F19D</callback>
				</dataid>	
				<dataid id="F1A0">
					<resplen>19</resplen>
					<minlen>19</minlen>
					<maxlen>19</maxlen>
					<callback>app_service_callback_2E_F1A0</callback>
				</dataid>			
				<dataid id="F1A1">
					<resplen>19</resplen>
					<minlen>19</minlen>
					<maxlen>19</maxlen>
					<callback>app_service_callback_2E_F1A1</callback>
				</dataid>					
				<dataid id="0100">
					<resplen>19</resplen>
					<minlen>19</minlen>
					<maxlen>19</maxlen>
					<callback>app_service_callback_2E_0100</callback>
				</dataid>			
				<dataid id="1002">
					<resplen>35</resplen>
					<minlen>35</minlen>
					<maxlen>35</maxlen>
					<callback>app_service_callback_2E_1002</callback>
				</dataid>				
				<dataid id="1003">
					<resplen>35</resplen>
					<minlen>35</minlen>
					<maxlen>35</maxlen>
					<callback>app_service_callback_2E_1003</callback>
				</dataid>				
				<dataid id="1007">
					<resplen>10</resplen>
					<minlen>10</minlen>
					<maxlen>10</maxlen>
					<callback>app_service_callback_2E_1007</callback>
				</dataid>
				<dataid id="1016">
					<resplen>35</resplen>
					<minlen>35</minlen>
					<maxlen>35</maxlen>
					<callback>app_service_callback_2E_1021</callback>
				</dataid>
				<dataid id="1017">
					<resplen>35</resplen>
					<minlen>35</minlen>
					<maxlen>35</maxlen>
					<callback>app_service_callback_2E_1021</callback>
				</dataid>
				<dataid id="1018">
					<resplen>35</resplen>
					<minlen>35</minlen>
					<maxlen>35</maxlen>
					<callback>app_service_callback_2E_1021</callback>
				</dataid>
				<dataid id="1019">
					<resplen>35</resplen>
					<minlen>35</minlen>
					<maxlen>35</maxlen>
					<callback>app_service_callback_2E_1021</callback>
				</dataid>
				<dataid id="1020">
					<resplen>3003</resplen>
					<minlen>3003</minlen>
					<maxlen>3003</maxlen>
					<callback>app_service_callback_2E_1021</callback>
				</dataid>
				<dataid id="1021">
					<resplen>2003</resplen>
					<minlen>2003</minlen>
					<maxlen>2003</maxlen>
					<callback>app_service_callback_2E_1021</callback>
				</dataid>
				<dataid id="1022">
					<resplen>19</resplen>
					<minlen>19</minlen>
					<maxlen>19</maxlen>
					<callback>app_service_callback_2E_1021</callback>
				</dataid>
				<dataid id="1023">
					<resplen>19</resplen>
					<minlen>19</minlen>
					<maxlen>19</maxlen>
					<callback>app_service_callback_2E_1021</callback>
				</dataid>
				<dataid id="1024">
					<resplen>2003</resplen>
					<minlen>2003</minlen>
					<maxlen>2003</maxlen>
					<callback>app_service_callback_2E_1023</callback>
				</dataid>
				<dataid id="1025">
					<resplen>2003</resplen>
					<minlen>2003</minlen>
					<maxlen>2003</maxlen>
					<callback>app_service_callback_2E_1024</callback>
				</dataid>
				<dataid id="1026">
					<resplen>19</resplen>
					<minlen>19</minlen>
					<maxlen>19</maxlen>
					<callback>app_service_callback_2E_1021</callback>
				</dataid>
				<dataid id="1027">
					<resplen>19</resplen>
					<minlen>19</minlen>
					<maxlen>19</maxlen>
					<callback>app_service_callback_2E_1021</callback>
				</dataid>
				<dataid id="1028">
					<resplen>35</resplen>
					<minlen>35</minlen>
					<maxlen>35</maxlen>
					<callback>app_service_callback_2E_1002</callback>
				</dataid>	
			</datalist>
		</service>
		<service id="2F">
			<name>IuputOutputControl</name>
			<address>PhysicalAddress</address>
			<session>ExtendedSession</session>
			<security>SecurityAccess_Level1</security>
			<minlen>4</minlen>
			<maxlen>5</maxlen>
			<resplen>1</resplen>
			<datalist type="iocontrol">
				<dataid id="4300">
					<return>app_return_to_ecu_4300</return>
					<reset>app_reset_to_default_4300</reset>
					<freeze>app_freeze_current_4300</freeze>
					<adjust>app_short_adjustment_4300</adjust>
				</dataid>
			</datalist>
		</service>
		<service id="31">
			<name>RoutineControl</name>
			<address>PhysicalAddress</address>
			<session>ProgrammingSession</session>
			<security>SecurityAccess_Level1</security>
			<minlen>4</minlen>
			<maxlen>13</maxlen>
			<resplen>1</resplen>	
			<datalist type="routine">
				<dataid id="0202">
					<minlen>8</minlen>
					<resplen>1</resplen>
					<start>app_routine_start_31_0202</start>
				</dataid>				
				<dataid id="FF00">
					<minlen>13</minlen>
					<resplen>1</resplen>
					<start>app_routine_start_31_FF00</start>
				</dataid>				
				<dataid id="FF01">
					<minlen>4</minlen>
					<resplen>1</resplen>
					<start>app_routine_start_31_FF01</start>
				</dataid>
			</datalist>
		</service>		
		<service id="34">
			<name>RequestDownload</name>
			<address>PhysicalAddress</address>
			<session>ProgrammingSession</session>
			<security>SecurityAccess_Level1</security>
			<minlen>2</minlen>
			<maxlen>11</maxlen>
			<resplen>4</resplen>
			<callback>app_service_callback_34</callback>
			<postcall>app_service_postcall_34</postcall>
		</service>	
		<service id="36">
			<name>TransferData</name>
			<address>PhysicalAddress</address>
			<session>ProgrammingSession</session>
			<security>SecurityAccess_Level1</security>
			<minlen>2</minlen>
			<maxlen>4096</maxlen>
			<resplen>0</resplen>
			<callback>app_service_callback_36</callback>
			<postcall>app_service_postcall_36</postcall>
		</service>	
		<service id="37">
			<name>RequestTransferExit</name>
			<address>PhysicalAddress</address>
			<session>ProgrammingSession</session>
			<security>SecurityAccess_Level1</security>
			<minlen>1</minlen>
			<maxlen>1</maxlen>
			<resplen>0</resplen>
			<callback>app_service_callback_37</callback>
			<postcall>app_service_postcall_37</postcall>
		</service>
		<service id="3E">
			<name>TesterPresent</name>
			<address>all</address>
			<session>all</session>
			<security>all</security>
			<minlen>2</minlen>
			<maxlen>2</maxlen>
			<resplen>0</resplen>
			<subservices>
				<service id="0">
					<name>TesterWithResp</name>
					<callback>app_service_callback_3E</callback>
				</service>
				<service id="80">
					<name>TesterWithoutResp</name>
					<callback>app_service_callback_3E</callback>
				</service>
			</subservices>
		</service>
		<service id="85">
			<name>ControlDTCSetting</name>
			<address>all</address>
			<session>ExtendedSession</session>
			<security>all</security>
			<minlen>2</minlen>
			<maxlen>2</maxlen>
			<resplen>0</resplen>
			<subservices>
				<service id="1">
					<name>DTCOn</name>
					<callback>app_service_callback_8501</callback>
				</service>
				<service id="2">
					<name>DTCOff</name>
					<callback>app_service_callback_8501</callback>
				</service>
			</subservices>
		</service>
	</services>
	<securities>
		<timeout>10000</timeout>
		<maxcount>3</maxcount>
		<security>
			<name>SecurityAccess_Level1</name>
			<refname>RequestSeed_Level1</refname>
			<seedlen>4</seedlen>
			<keylen>4</keylen>
			<timeout>10000</timeout>
			<getseed>uds_get_seed_security_level1</getseed>
			<verifykey>uds_verify_key_security_level1</verifykey>
		</security>
	</securities>
	<timers>
		<timer>
			<name>p2_timer</name>
			<timeout>50</timeout>
		</timer>
		<timer>
			<name>p2start_timer</name>
			<timeout>5000</timeout>
		</timer>
		<timer>
			<name>s3_timer</name>
			<timeout>5000</timeout>
		</timer>
		<timer>
			<name>fast_periodic</name>
			<timeout>20</timeout>
		</timer>
		<timer>
			<name>middle_periodic</name>
			<timeout>300</timeout>
		</timer>
		<timer>
			<name>slow_periodic</name>
			<timeout>1000</timeout>
		</timer>
	</timers>
</uds>
