<!--
     config file for i.MX6 Bluez platform
     edit this file with caution
 -->
 <config>
 	<array name="Monitor">
 		<key name="timeout">30</key><!-- in second -->
 		<key name="fuelrate">Fuel Rate Gaseous</key>
 		<key name="distance">Total vehicle distance</key>
 		<key name="speed">Tachograph vehicle speed</key>
 		<key name="engine_speed">Engine speed</key>
 		<key name="brake">Brake switch</key>
 		<key name="er_retarder">ActualRetarderPercentTorqueERCER</key>
 		<key name="xr_retarder">ActualRetarderPercentTorqueERCEXR</key>
 		<key name="dr_retarder">ActualRetarderPercentTorqueERCDR</key>
 		<key name="coolant_temperature">Engine coolant temperature</key>
 		<key name="engine_intake_manifold_pressure">Engine Intake Manifold #1 Pressure</key>
 		<key name="engine_intake_manifold_temp">Intake Manifold 1 Temperature</key>
 		<key name="engine_oil_pressure">Engine Oil Pressure</key>
 		<key name="tire_num">Tire Locaton</key>
 		<key name="tire_temp">Tire Temperature</key>
 		<key name="tire_pressure">Tire Pressure</key>
 		<key name="extended_tire_pressure_support">Extended Tire Pressure Support</key>
 		<key name="tire_num_extended">Tire Locaton Extended</key>
 		<key name="tire_pressure_extended_range">Tire Pressure Extended Range</key>
 		<key name="instantaneous_fuel_economy">Instantaneous Fuel Economy</key>
 		<key name="catalyst_tank_level">Catalyst Tank Level</key>
 		<key name="fuel_level">Fuel Level 1 Gas</key>
 	</array>
 	<array name="AccidentDoubt">
 		<key name="speed">Tachograph vehicle speed</key>
 		<key name="low_beam_head_light">Low Beam Head Light Command</key>
 		<key name="high_beam_head_light">High Beam Head Light Command</key>
 		<key name="right_turn_light">Right Turn Signal Lights Command</key>
 		<key name="left_turn_light">Left Turn Signal Lights Command</key>
 	</array>
 		<array name="OTAvehicleinfo">
		<key name="distance">Total vehicle distance</key>
		<key name="gear">Current Gear</key>
		<key name="parking_brake">Parking Brake Switch</key>
		<key name="speed">Tachograph vehicle speed</key>
		<key name="engine_speed">Engine speed</key>
	</array>
 	<array name="Zonar">
 		<key name="timeout">5</key><!-- in second -->
 		<key name="fuelrate">Fuel Rate Gaseous</key>
 		<key name="speed">Tachograph vehicle speed</key>
 		<key name="engine_speed">Engine speed</key>
 		<key name="actual_engine_percent_torque">Actual engine - percent torque</key>
 		<key name="ambient_temp">Ambient Air Temperature</key>
 	</array>
 	<array name="Statistics">
 		<key name="timeout">30</key><!-- in second -->
 		<key name="speed_sample_period">50</key><!-- in ms -->
 		<key name="ap_sample_period">50</key><!-- in ms -->
 		<key name="fuelrate">Fuel Rate Gaseous</key>
 		<key name="ap">Accelerator pedal (AP) position</key>
 		<key name="engine_speed">Engine speed</key>
 		<key name="speed">Tachograph vehicle speed</key>
 		<key name="running_light_command">Running Light Command</key>
 		<key name="low_beam_light_command">Low Beam Head Light Command</key>
 		<key name="high_beam_light_command">High Beam Head Light Command</key>
 		<key name="tractor_front_fog_light_command">Tractor Front Fog Lights Command</key>
 		<key name="right_turn_light_command">Right Turn Signal Lights Command</key>
 		<key name="left_turn_light_command">Left Turn Signal Lights Command</key>
 		<key name="turn_signal_switch">Turn Signal Switch</key>
 		<key name="backup_light_command">Back Up Light and Alarm Horn Command</key>
		<key name="center_stop_light_command">Center Stop Light</key>
 		<key name="implement_marker_light_command">Implement Marker Light Command</key>
 		<key name="rear_fog_light_command">Rear Fog Light Command</key>
 		<key name="hazard_light_switch">Hazard Light Switch</key>
 		<key name="rear_work_light_switch">Rear Work Lamp Switch</key>
 		<key name="sleep_area_light_switch">Sleep Area Light Switch</key>
 		<key name="indoor_light_switch">Indoor Light Switch</key>
 		<key name="reverse_gear_switch">Reverse Gear Switch</key>
 		<key name="brake_switch">Brake switch</key>
 		<key name="horn_switch">Horn Switch</key>
 		<key name="horn_selection_switch">Horn Selection Switch</key>
 		<key name="front_operator_wiper_switch">Front Operator Wiper Switch</key>
 		<key name="front_operator_washer_switch">Front Operator Washer Switch</key>
 		<key name="driver_window_switch">Driver Window Switch</key>
 		<key name="driver_control_passenger_window_switch">Driver Control Passenger Window Switch</key>
 		<key name="passenger_window_switch">Passenger Window Switch</key>
 		<key name="cab_doors_lock_switch">Cab Doors Lock Switch</key>
 		<key name="back_mirror_heat_switch">Back Mirror Heat Switch</key>
 		<key name="back_mirror_selection_switch">Back Mirror Selection Switch</key>
 		<key name="back_mirror_adjustment_switch">Back Mirror Adjustment Switch</key>
 		<array name="fuelrate_statistic">
 			<key name="segment_number">10</key>
 			<key name="segment_thr">10</key><!-- pedal position -->
 		</array>
 		<array name="speed_enginespeed_statistic">
 			<key name="speed_segment_number">14</key>
 			<key name="speed_segment_thr">10</key><!-- KM/H -->
 			<array name="enginespeed">
 				<key name="enginespeed_segment_thr1">5</key><!-- 100R/MIN -->
 				<key name="enginespeed_segment_thr2">8</key><!-- 100R/MIN -->
 				<key name="enginespeed_segment_thr3">10</key><!-- 100R/MIN -->
 				<key name="enginespeed_segment_thr4">12</key><!-- 100R/MIN -->
 				<key name="enginespeed_segment_thr5">14</key><!-- 100R/MIN -->
 				<key name="enginespeed_segment_thr6">15</key><!-- 100R/MIN -->
 				<key name="enginespeed_segment_thr7">17</key><!-- 100R/MIN -->
 				<key name="enginespeed_segment_thr8">19</key><!-- 100R/MIN -->
 				<key name="enginespeed_segment_thr9">21</key><!-- 100R/MIN -->
 				<key name="enginespeed_segment_thr10">23</key><!-- 100R/MIN -->
 				<key name="enginespeed_segment_thr11">30</key><!-- 100R/MIN -->
 			</array>
 		</array>
 	</array>
 	<array name="RapidAccel">
 		<key name="speed">Tachograph vehicle speed</key>
 		<key name="resolution">2000</key>
 		<key name="count">16</key>
 		<key name="accel_h">2</key> // according to recent doc from FAW
 		<key name="accel_l">0.5</key> // according to recent doc from FAW
 		<key name="speed_h">20</key>
 		<key name="speed_l">5</key>
 	</array>
 	<array name="RapidDecel">
 		<key name="speed">Tachograph vehicle speed</key>
 		<key name="resolution">2000</key> // suggested by xuan.xuan, from 200ms to 2000ms
 		<key name="count">4</key>
 		<key name="accel_h">4</key>
 		<key name="accel_l">2</key>
 		<key name="speed_h">20</key>
 		<key name="speed_l">5</key>
 	</array>
 	<array name="LongIdle">
 		<key name="speed">Tachograph vehicle speed</key>
 		<key name="engine_speed">Engine speed</key>
 		<key name="timeout">300</key><!-- in second -->
 		<key name="speed_thr">1</key><!-- need to adjust in faw -->
 		<key name="engine_speed_thr">500</key><!-- need to adjust in faw -->
 	</array>
 	<array name="ParkingBoom">
 		<key name="speed">Tachograph vehicle speed</key>
 		<key name="engine_speed">Engine speed</key>
 		<key name="ap">Accelerator pedal (AP) position</key>
 		<key name="gear">Current Gear</key>
 		<key name="clutch">Clutch Switch</key>
 		<key name="speed_thr">1</key>
 		<key name="engine_speed_thr">600</key>
 		<key name="boom_duration">0.5</key>
 		<key name="neutral_switch">Transmission Neutral Switch</key>
 		<key name="neutral_switch_AMT">Transmission Neutral Switch AMT</key>
 	</array>
 	<array name="NeutralGlide">
 		<key name="speed">Tachograph vehicle speed</key>
 		<key name="gear">Current Gear</key>
 		<key name="clutch">Clutch Switch</key>
 		<key name="gear_duration">5</key>
 		<key name="clutch_duration">5</key>
 		<key name="speed_thr">20</key> //v1.6
 		<key name="neutral_switch">Transmission Neutral Switch</key>
 		<key name="neutral_switch_AMT">Transmission Neutral Switch AMT</key>
 	</array>
 	<array name="NeutralAlert">
 		<key name="speed">Tachograph vehicle speed</key>
 		<key name="engine_speed">Engine speed</key>
 	</array>
 	<array name="OverSpeed">
 		<key name="speed">Tachograph vehicle speed</key>
 		<key name="over_speed_thr">100</key>
 		<key name="over_speed_duration">300</key>
 	</array>
 	<array name="EngineStart">
 		<key name="engine_speed">Engine speed</key>
 		<key name="engine_speed_thr">500</key>
 	</array>
 	<array name="EngineSuperSpeed">
 		<key name="engine_speed">Engine speed</key>
 		<key name="engine_speed_thr">21</key><!-- uinit 100r/min -->
 		<key name="super_duration">5</key>
 	</array>
 	<array name="EngineTemperature">
 		<key name="coolant_temperature">Engine coolant temperature</key>
 		<key name="intake_temperature">Intake Manifold 1 Temperature</key>
 	</array>
 	<array name="FuelLeakageAlert">
 		<key name="fuelleakage">Fuel Leakage Alert</key>
 	</array>
 	<array name="FatigueDriving">
 		<key name="speed">Tachograph vehicle speed</key>
 		<key name="speed_thr">1</key>
 		<key name="speed_duration">10</key>
 		<key name="day_continue_drive_time">240</key><!-- in min -->
 		<key name="day_least_relax_time">20</key><!-- in min -->
 		<key name="day_start_time_h">6</key>
 		<key name="day_start_time_m">0</key>
 		<key name="day_start_time_s">0</key>
 		<key name="night_continue_drive_time">240</key><!-- in min -->
 		<key name="night_least_relax_time">20</key><!-- in min -->
 		<key name="night_start_time_h">18</key>
 		<key name="night_start_time_m">0</key>
 		<key name="night_start_time_s">0</key>
 	</array>
 	<array name="Parking">
 		<key name="speed">Tachograph vehicle speed</key>
 		<key name="speed_thr">1</key>
 		<key name="speed_duration">10</key>
 	</array>
 	<array name="EngineCoolantTemp">
 		<key name="coolant_temperature">Engine coolant temperature</key>
 		<key name="coolant_thr">250</key>
 	</array>
 	<array name="EngineOilPressure">
 		<key name="engine_oil_pressure">Engine Oil Pressure</key>
 		<key name="oil_pressure_h">250</key>
 		<key name="oil_pressure_l">0</key>
 	</array>
 	<array name="TireTemp">
 		<key name="tire_num">Tire Locaton</key>
 		<key name="tire_temp">Tire Temperature</key>
 		<key name="tire_temp_thr">64255</key>
 	</array>
 	<array name="TirePressure">
 		<key name="tire_num">Tire Locaton</key>
 		<key name="tire_pressure_threshold_detection">Tire Pressure Threshold Detection</key>
 		<key name="tire_pressure_h">64255</key>
 		<key name="tire_pressure_l">0</key>
 	</array>
 	<array name="ParkingBrake">
 		<key name="parking_brake">Parking Brake Switch</key>
 	</array>
 	<array name="TrailerParkingBrake">
 		<key name="trailer_parking_brake">Trailer Parking Brake Switch</key>
 	</array>
 	<array name="ReverseGearSwitch">
 		<key name="reverse_gear_switch">Reverse Gear Switch</key>
 	</array>
 	<array name="VehicleMoveStat">
 		<key name="speed">Tachograph vehicle speed</key>
 		<key name="engine_speed">Engine speed</key>
 	</array>
 	<array name="CruiseStat">
 		<key name="cruise_ctrl">Cruise Control Active</key>
 		<key name="predictive_cruise_ctrl">Predictive Cruise Working Status</key>
 	</array>
 	<array name="TorqueFeedback">
 		<key name="torque_feedback">Actual engine - percent torque</key>
 	</array>
 	<array name="DoorState">
 		<key name="door_driver">Lock Status of Door 1_Driver</key>
 		<key name="door_passenger">Lock Status of Door 2_Passenger</key>
 	</array>
 	<array name="TireGasLeak">
 		<key name="tire_num">Tire Locaton</key>
 		<key name="tire_status">Tire Status</key>
 	</array>
 	<array name="AirConditionerState">
 		<key name="ac_status">Air Conditioner ON/OFF Status</key>
 		<key name="ac_mode_status">Air Conditioner Mode Status</key>
 		<key name="ac_auto_mode_status">Air Conditioner Auto Mode Status</key>
 		<key name="ac_blow_rate">Air Conditioner Blowing Rate</key>
 		<key name="ac_AC_mode_status">Air Conditioner A/C Mode Status</key>
 		<key name="ac_circle_mode_status">Air Conditioner Circulation Mode Status</key>
 		<key name="warm_air_blower_status">Warm Air Blower ON/OFF Status</key>
 		<key name="warm_air_temp">Warm Air Temperature</key>
 		<key name="park_ac_status">Parking Air Conditioner ON/OFF status</key>
 		<key name="park_ac_blow_rate">Parking Air Conditioner Blowing Rate</key>
		<key name="ac_temp">AC Regulation HR Temperature</key>
		<key name="park_ac_temp">Parking AC Regulation HR Temperature</key>
 		<key name="cab_temp">Cab Temperature</key>
		<key name="ac_ventilation_status">Air Conditioner Ventilation Status</key>
		<key name="park_ac_auto_status">Parking AC Auto Mode Status</key>
 	</array>
 </config>
